Ref,Val,Package,PosX,PosY,Rot,Side
"D20","WS2816","SK6812-MINI-E",73.025000,-165.100000,0.000000,top
"D21","WS2816","SK6812-MINI-E",120.650000,-117.856000,0.000000,top
"D22","WS2816","SK6812-MINI-E",120.650000,-155.956000,0.000000,top
"MX1","MX-NoLED","MXOnly-2U-Hotswap",73.025000,-160.337500,0.000000,top
"MX2","MX-NoLED","MXOnly-2U-Hotswap",120.650000,-112.776000,270.000000,top
"MX3","MX-NoLED","MXOnly-2U-Hotswap",120.650000,-150.876000,270.000000,top
